id,conversation_id,created_at,date,timezone,place,tweet,language,hashtags,cashtags,user_id,user_id_str,username,name,day,hour,link,urls,photos,video,thumbnail,retweet,nlikes,nreplies,nretweets,quote_url,search,near,geo,source,user_rt_id,user_rt,retweet_id,reply_to,retweet_date,translate,trans_src,trans_dest
1498918622059798532,1498918622059798532,1646205022000.0,2022-03-02 08:10:22,+0200,,"From 24-28 Feb, we recorded 550 civilian casualties in context of the Russia‚Äôs military action against #Ukraine: 142 killed, incl 13 children; 408 injured, incl 26 children, mostly caused by shelling &amp; airstrikes. Real toll is much higher. Full update‚Äî https://t.co/lNWHqVm1s6  https://t.co/aOZExKWGnQ",en,['ukraine'],[],1112803927265853441,1112803927265853441,UNHumanRightsUA,UNHumanRightsUkraine,3,08,https://twitter.com/UNHumanRightsUA/status/1498918622059798532,['https://ukraine.un.org/en/173612-ukraine-civilian-casualties-2400-28-february-2022'],['https://pbs.twimg.com/media/FM053F0XoAM2wP2.jpg'],1,https://pbs.twimg.com/media/FM053F0XoAM2wP2.jpg,False,103,29,75,,None,,,,,,,[],,,,
1499126009085497345,1499126009085497345,1646254467000.0,2022-03-02 21:54:27,+0200,,"From 24 Feb‚Äî1 March, we recorded 752 civilian casualties in context of the Russia‚Äôs military action against #Ukraine: 227 killed, incl 15 children; 525 injured, incl 28 children, mostly caused by shelling &amp; airstrikes. Real toll is much higher. Full update‚Äî https://t.co/hy7acxKBfz  https://t.co/yiZGbpw0vV",en,['ukraine'],[],1112803927265853441,1112803927265853441,UNHumanRightsUA,UNHumanRightsUkraine,3,21,https://twitter.com/UNHumanRightsUA/status/1499126009085497345,['https://ukraine.un.org/index.php/en/173719-civilian-casualties-2400-1-march-2022'],['https://pbs.twimg.com/media/FM33FuuXMAM3bXX.png'],1,https://pbs.twimg.com/media/FM33FuuXMAM3bXX.png,False,1941,198,1010,,None,,,,,,,[],,,,
1499460762330402825,1499460762330402825,1646334279000.0,2022-03-03 20:04:39,+0200,,"From 24 Feb‚Äî2 March, we recorded 802 civilian casualties in context of the Russia‚Äôs military action against #Ukraine: 249 killed, incl 17 children; 553 injured, incl 30 children, mostly caused by shelling &amp; airstrikes. Real toll is much higher. Full update‚Äî https://t.co/xvHAEImZzx  https://t.co/K7yRvaIvGW",en,['ukraine'],[],1112803927265853441,1112803927265853441,UNHumanRightsUA,UNHumanRightsUkraine,4,20,https://twitter.com/UNHumanRightsUA/status/1499460762330402825,['https://ukraine.un.org/en/173826-ukraine-civilian-casualties-2400-2-march-2022'],['https://pbs.twimg.com/media/FM8aZvXWYAAGuA7.png'],1,https://pbs.twimg.com/media/FM8aZvXWYAAGuA7.png,False,781,106,457,,None,,,,,,,[],,,,
1499785706222329870,1499785706222329870,1646411751000.0,2022-03-04 17:35:51,+0200,,"From 24 Feb‚Äî3 March, we recorded 1,006 civilian casualties in context of Russia‚Äôs military action against #Ukraine: 331 killed, incl 19 children; 675 injured, incl 31 children, mostly caused by shelling &amp; airstrikes. Real toll is much higher. Full update  https://t.co/AYvSuukINj  https://t.co/i6HDywZEk4",en,['ukraine'],[],1112803927265853441,1112803927265853441,UNHumanRightsUA,UNHumanRightsUkraine,5,17,https://twitter.com/UNHumanRightsUA/status/1499785706222329870,['https://ukraine.un.org/en/173923-ukraine-civilian-casualties-2400-3-march-2022'],['https://pbs.twimg.com/media/FNBOzQQXIAYt1Le.png'],1,https://pbs.twimg.com/media/FNBOzQQXIAYt1Le.png,False,263,30,279,,None,,,,,,,[],,,,
1500121254136848390,1500121254136848390,1646491752000.0,2022-03-05 15:49:12,+0200,,"From 24 Feb‚Äî4 March, we recorded 1,058 civilian casualties in context of Russia‚Äôs military action against #Ukraine: 351 killed, incl 22 children; 707 injured, incl 36 children, mostly caused by shelling &amp; airstrikes. Real toll is much higher. Full update  https://t.co/q4Qfs3W4uV  https://t.co/QmITDereSH",en,['ukraine'],[],1112803927265853441,1112803927265853441,UNHumanRightsUA,UNHumanRightsUkraine,6,15,https://twitter.com/UNHumanRightsUA/status/1500121254136848390,['https://ukraine.un.org/en/173987-ukraine-civilian-casualties-2400-4-march-2022'],['https://pbs.twimg.com/media/FNGADpDWYAEXybX.jpg'],1,https://pbs.twimg.com/media/FNGADpDWYAEXybX.jpg,False,36,3,39,,None,,,,,,,[],,,,
1500490159208468483,1500490159208468483,1646579706000.0,2022-03-06 16:15:06,+0200,,"From 24 Feb‚Äî5 March, we recorded 1,123 civilian casualties in context of Russia‚Äôs military action against #Ukraine: 364 killed, incl 25 children; 759 injured, incl 41 children, mostly caused by shelling &amp; airstrikes. Real toll is much higher. Full update  https://t.co/S2ZRXtSVKf  https://t.co/ZL3sDDM5Za",en,['ukraine'],[],1112803927265853441,1112803927265853441,UNHumanRightsUA,UNHumanRightsUkraine,7,16,https://twitter.com/UNHumanRightsUA/status/1500490159208468483,['https://ukraine.un.org/en/174001-ukraine-civilian-casualties-2400-5-march-2022'],['https://pbs.twimg.com/media/FNLLZE_WUAoby4C.jpg'],1,https://pbs.twimg.com/media/FNLLZE_WUAoby4C.jpg,False,15,2,20,,None,,,,,,,[],,,,
1500854273269186566,1500854273269186566,1646666517000.0,2022-03-07 16:21:57,+0200,,"From 24 Feb‚Äî6 March, we recorded 1,207 civilian casualties in context of Russia‚Äôs military action against #Ukraine: 406 killed, incl 27 children; 801 injured, incl 42 children, mostly caused by shelling &amp; airstrikes. Real toll is much higher. Full update  https://t.co/tGP91adRiJ  https://t.co/Ny5Ac90dNj",en,['ukraine'],[],1112803927265853441,1112803927265853441,UNHumanRightsUA,UNHumanRightsUkraine,1,16,https://twitter.com/UNHumanRightsUA/status/1500854273269186566,['https://ukraine.un.org/en/174015-ukraine-civilian-casualties-2400-6-march-2022'],['https://pbs.twimg.com/media/FNQZSQ5XMAAyNOu.png'],1,https://pbs.twimg.com/media/FNQZSQ5XMAAyNOu.png,False,8,6,16,,None,,,,,,,[],,,,
1501207144477175809,1501207144477175809,1646750648000.0,2022-03-08 15:44:08,+0200,,"From 24 Feb‚Äî7 March, we recorded 1,335 civilian casualties in context of Russia‚Äôs armed attack against #Ukraine: 474 killed, incl 29 children; 861 injured, incl 44 children, mostly caused by shelling &amp; airstrikes. Real toll is much higher. Full update  https://t.co/VDcVWYo5ML  https://t.co/eN29ep16ii",en,['ukraine'],[],1112803927265853441,1112803927265853441,UNHumanRightsUA,UNHumanRightsUkraine,2,15,https://twitter.com/UNHumanRightsUA/status/1501207144477175809,['https://ukraine.un.org/en/174170-ukraine-civilian-casualties-2400-7-march-2022'],['https://pbs.twimg.com/media/FNVbXaBXIAA1xFp.png'],1,https://pbs.twimg.com/media/FNVbXaBXIAA1xFp.png,False,56,11,56,,None,,,,,,,[],,,,
1501566021127319553,1501566021127319553,1646836211000.0,2022-03-09 15:30:11,+0200,,UN human rights experts call on the Russian Federation to immediately end the invasion of #Ukraine to avoid further bloodshed and loss of life. Read the full statement here ‚Äî  https://t.co/JwDOfuldHR  https://t.co/axqGe5rd1l,en,['ukraine'],[],1112803927265853441,1112803927265853441,UNHumanRightsUA,UNHumanRightsUkraine,3,15,https://twitter.com/UNHumanRightsUA/status/1501566021127319553,['https://www.ohchr.org/EN/NewsEvents/Pages/DisplayNews.aspx?NewsID=28231&LangID=E'],['https://pbs.twimg.com/media/FNaiPwiWYAYuzxH.png'],1,https://pbs.twimg.com/media/FNaiPwiWYAYuzxH.png,False,10,1,9,,None,,,,,,,[],,,,
1501599098356576270,1501599098356576270,1646844098000.0,2022-03-09 17:41:38,+0200,,"From 24 Feb‚Äî8 March, we recorded 1,424 civilian casualties in context of Russia‚Äôs armed attack against #Ukraine: 516 killed, incl 37 children; 908 injured, incl 50 children, mostly caused by shelling &amp; airstrikes. Real toll is much higher. Full update  https://t.co/2RaQpyPBv3  https://t.co/Ceb4vnUKkp",en,['ukraine'],[],1112803927265853441,1112803927265853441,UNHumanRightsUA,UNHumanRightsUkraine,3,17,https://twitter.com/UNHumanRightsUA/status/1501599098356576270,['https://ukraine.un.org/en/174328-ukraine-civilian-casualties-2400-8-march-2022'],['https://pbs.twimg.com/media/FNbAYFRXEAMox3X.png'],1,https://pbs.twimg.com/media/FNbAYFRXEAMox3X.png,False,82,42,62,,None,,,,,,,[],,,,
1501918729592094720,1501918729592094720,1646920304000.0,2022-03-10 14:51:44,+0200,,"From 24 Feb‚Äî9 March, we recorded 1,506 civilian casualties in context of Russia‚Äôs armed attack against #Ukraine: 549 killed, incl 41 children; 957 injured, incl 52 children, mostly caused by shelling &amp; airstrikes. Actual toll is much higher. Full update  https://t.co/tZAAjKOTEU  https://t.co/pcZnGhQ2uq",en,['ukraine'],[],1112803927265853441,1112803927265853441,UNHumanRightsUA,UNHumanRightsUkraine,4,14,https://twitter.com/UNHumanRightsUA/status/1501918729592094720,['https://ukraine.un.org/en/174408-ukraine-civilian-casualties-2400-9-march-2022'],['https://pbs.twimg.com/media/FNfi8wfXMA42VQe.png'],1,https://pbs.twimg.com/media/FNfi8wfXMA42VQe.png,False,183,40,211,,None,,,,,,,[],,,,
1502303179383398407,1502303179383398407,1647011964000.0,2022-03-11 16:19:24,+0200,,"From 24 Feb‚Äî10 March, we recorded 1,546 civilian casualties in context of Russia‚Äôs armed attack against #Ukraine: 564 killed, incl 41 children; 982 injured, incl 52 children, mostly caused by shelling &amp; airstrikes. Actual toll is much higher. Full update  https://t.co/65tPcQcdny  https://t.co/GMTddcmvI4",en,['ukraine'],[],1112803927265853441,1112803927265853441,UNHumanRightsUA,UNHumanRightsUkraine,5,16,https://twitter.com/UNHumanRightsUA/status/1502303179383398407,['https://ukraine.un.org/en/174540-ukraine-civilian-casualties-2400-10-march-2022'],['https://pbs.twimg.com/media/FNlAo3hWQAAnn-R.png'],1,https://pbs.twimg.com/media/FNlAo3hWQAAnn-R.png,False,152,34,116,,None,,,,,,,[],,,,
1502670353474244618,1502670353474244618,1647099505000.0,2022-03-12 16:38:25,+0200,,"From 24 Feb‚Äî11 March, we recorded 1,581 civilian casualties in context of Russia‚Äôs armed attack against #Ukraine: 579 killed, incl 42 children; 1,002 injured, incl 54 children, mostly caused by shelling &amp; airstrikes. Actual toll is much higher. Full update  https://t.co/K0tmWBuHug  https://t.co/nm28tJy4ux",en,['ukraine'],[],1112803927265853441,1112803927265853441,UNHumanRightsUA,UNHumanRightsUkraine,6,16,https://twitter.com/UNHumanRightsUA/status/1502670353474244618,['https://ukraine.un.org/en/174629-ukraine-civilian-casualties-2400-11-march-2022'],['https://pbs.twimg.com/media/FNqIduKX0AYWVzk.jpg'],1,https://pbs.twimg.com/media/FNqIduKX0AYWVzk.jpg,False,85,32,76,,None,,,,,,,[],,,,
1502966972203556867,1502966972203556867,1647170224000.0,2022-03-13 12:17:04,+0200,,"Housing rights are violated after #RussianFederation forces invaded #Ukraine ‚Äî Balakrishnan Rajagopal, #UN Special Rapporteur on @adequatehousing. He calls for immediate end to all bombardment of civilian objects in cities or other densely populated areas.  https://t.co/VCMiAhiqZ3  https://t.co/yUx0j0TehT",en,"['russianfederation', 'ukraine', 'un']",[],1112803927265853441,1112803927265853441,UNHumanRightsUA,UNHumanRightsUkraine,7,12,https://twitter.com/UNHumanRightsUA/status/1502966972203556867,['https://www.ohchr.org/EN/NewsEvents/Pages/DisplayNews.aspx?NewsID=28243&LangID=E'],['https://pbs.twimg.com/media/FNucbLeXMAEDhbV.jpg'],1,https://pbs.twimg.com/media/FNucbLeXMAEDhbV.jpg,False,9,2,5,,None,,,,,,,[],,,,
1503071167707549699,1503071167707549699,1647195066000.0,2022-03-13 19:11:06,+0200,,"From 24 Feb‚Äî12 March, we recorded 1,663 civilian casualties in context of Russia‚Äôs armed attack against #Ukraine: 596 killed, incl 43 children; 1,067 injured, incl 57 children, mostly caused by shelling &amp; airstrikes. Actual toll is much higher. Full update  https://t.co/JWDTe3ya79  https://t.co/TSgScJUr70",en,['ukraine'],[],1112803927265853441,1112803927265853441,UNHumanRightsUA,UNHumanRightsUkraine,7,19,https://twitter.com/UNHumanRightsUA/status/1503071167707549699,['https://ukraine.un.org/en/174664-ukraine-civilian-casualties-2400-12-march-2022'],['https://pbs.twimg.com/media/FNv6d_KXwAcAOVX.png'],1,https://pbs.twimg.com/media/FNv6d_KXwAcAOVX.png,False,69,32,75,,None,,,,,,,[],,,,
1503411119435702273,1503411119435702273,1647276117000.0,2022-03-14 17:41:57,+0200,,"From 24 Feb‚Äî13 March, we recorded 1,761 civilian casualties in context of Russia‚Äôs armed attack against #Ukraine: 636 killed, incl 46 children; 1,125 injured, incl 62 children, mostly caused by shelling &amp; airstrikes. Actual toll is much higher. Full update  https://t.co/v46YFcFFBn  https://t.co/v00LIMWCjN",en,['ukraine'],[],1112803927265853441,1112803927265853441,UNHumanRightsUA,UNHumanRightsUkraine,1,17,https://twitter.com/UNHumanRightsUA/status/1503411119435702273,['https://ukraine.un.org/en/174700-ukraine-civilian-casualties-2400-13-march-2022'],['https://pbs.twimg.com/media/FN0wY0CXsAs2uS_.jpg'],1,https://pbs.twimg.com/media/FN0wY0CXsAs2uS_.jpg,False,60,16,54,,None,,,,,,,[],,,,
1503714948891000835,1503714948891000835,1647348556000.0,2022-03-15 13:49:16,+0200,,We seek first-hand information concerning human rights violations which have occurred since Russia‚Äôs armed attack on #Ukraine 24 Feb 2022. Write to us: ohchr-hrmmu@un.org; FB ( https://t.co/pl3MSLtDeP); Telegram: ohchr_hrmmu (only messages); Viber: +380503746708 (only messages),en,['ukraine'],[],1112803927265853441,1112803927265853441,UNHumanRightsUA,UNHumanRightsUkraine,2,13,https://twitter.com/UNHumanRightsUA/status/1503714948891000835,['https://www.facebook.com/UNHumanRightsUkraine'],[],0,,False,7,1,13,,None,,,,,,,[],,,,
1503750506631647240,1503750506631647240,1647357033000.0,2022-03-15 16:10:33,+0200,,"From 24 Feb‚Äî14 March, we recorded 1,834 civilian casualties in context of Russia‚Äôs armed attack against #Ukraine: 691 killed, incl 48 children; 1,143 injured, incl 62 children, mostly caused by shelling &amp; airstrikes. Actual toll is much higher. Full update  https://t.co/oe9HqHat5F  https://t.co/Tg3dGJRk8w",en,['ukraine'],[],1112803927265853441,1112803927265853441,UNHumanRightsUA,UNHumanRightsUkraine,2,16,https://twitter.com/UNHumanRightsUA/status/1503750506631647240,['https://ukraine.un.org/sites/default/files/2022-03/Ukraine%20-%20civilian%20casualty%20update%20as%20of%2024.00%2014%20March%202022%20ENG.pdf'],['https://pbs.twimg.com/media/FN5lASFXwAwSThp.jpg'],1,https://pbs.twimg.com/media/FN5lASFXwAwSThp.jpg,False,48,27,54,,None,,,,,,,[],,,,
1504114219205206020,1504114219205206020,1647443749000.0,2022-03-16 16:15:49,+0200,,"From 24 Feb‚Äî15 March, we recorded 1,900 civilian casualties in context of Russia‚Äôs armed attack against #Ukraine: 726 killed, incl 52 children; 1,174 injured, incl 63 children, mostly caused by shelling &amp; airstrikes. Actual toll is much higher. Full update  https://t.co/huEIakEoI6  https://t.co/zKlUmyt35V",en,['ukraine'],[],1112803927265853441,1112803927265853441,UNHumanRightsUA,UNHumanRightsUkraine,3,16,https://twitter.com/UNHumanRightsUA/status/1504114219205206020,['https://ukraine.un.org/en/174981-ukraine-civilian-casualties-15-march-2022'],['https://pbs.twimg.com/media/FN-v3SmXMAEy4nC.jpg'],1,https://pbs.twimg.com/media/FN-v3SmXMAEy4nC.jpg,False,65,27,63,,None,,,,,,,[],,,,
1504480078448668672,1504480078448668672,1647530977000.0,2022-03-17 16:29:37,+0200,,"From 24 Feb‚Äî16 March, we recorded 2,032 civilian casualties in context of Russia‚Äôs armed attack against #Ukraine: 780 killed, incl 58 children; 1,252 injured, incl 68 children, mostly caused by shelling &amp; airstrikes. Actual toll is much higher. Full update  https://t.co/eUsyfp56zn  https://t.co/Xw2WMOnYM4",en,['ukraine'],[],1112803927265853441,1112803927265853441,UNHumanRightsUA,UNHumanRightsUkraine,4,16,https://twitter.com/UNHumanRightsUA/status/1504480078448668672,['https://ukraine.un.org/en/175128-ukraine-civilian-casualties-16-march-2022'],['https://pbs.twimg.com/media/FOD8ltKVUAUqprg.png'],1,https://pbs.twimg.com/media/FOD8ltKVUAUqprg.png,False,64,9,58,,None,,,,,,,[],,,,
1504837207487619074,1504837207487619074,1647616123000.0,2022-03-18 16:08:43,+0200,,"From 24 Feb‚Äî17 March, we recorded 2,149 civilian casualties in context of Russia‚Äôs armed attack against #Ukraine: 816 killed, incl 59 children; 1,333 injured, incl 74 children, mostly caused by shelling &amp; airstrikes. Actual toll is much higher. Full update  https://t.co/VvH1mayqsP  https://t.co/rfBMmSgdwv",en,['ukraine'],[],1112803927265853441,1112803927265853441,UNHumanRightsUA,UNHumanRightsUkraine,5,16,https://twitter.com/UNHumanRightsUA/status/1504837207487619074,['https://ukraine.un.org/en/175209-ukraine-civilian-casualties-17-march-2022'],['https://pbs.twimg.com/media/FOJBUTlWQAc2btc.jpg'],1,https://pbs.twimg.com/media/FOJBUTlWQAc2btc.jpg,False,298,47,222,,None,,,,,,,[],,,,
1505187817974079493,1505187817974079493,1647699715000.0,2022-03-19 15:21:55,+0200,,"From 24 Feb‚Äî18 March, we recorded 2,246 civilian casualties in context of Russia‚Äôs armed attack against #Ukraine: 847 killed, incl 64 children; 1,399 injured, incl 78 children, mostly caused by shelling &amp; airstrikes. Actual toll is much higher. Full update  https://t.co/g7O1JLgmky  https://t.co/aN399jikz5",en,['ukraine'],[],1112803927265853441,1112803927265853441,UNHumanRightsUA,UNHumanRightsUkraine,6,15,https://twitter.com/UNHumanRightsUA/status/1505187817974079493,['https://ukraine.un.org/en/175326-ukraine-civilian-casualties-18-march-2022'],['https://pbs.twimg.com/media/FOOAPODXsAMSEz2.jpg'],1,https://pbs.twimg.com/media/FOOAPODXsAMSEz2.jpg,False,355,59,265,,None,,,,,,,[],,,,
1505564759084748804,1505564759084748804,1647789585000.0,2022-03-20 16:19:45,+0200,,"From 24 Feb‚Äî19 March, we recorded 2,361 civilian casualties in context of Russia‚Äôs armed attack against #Ukraine: 902 killed, incl 75 children; 1,459 injured, incl 98 children, mostly caused by shelling &amp; airstrikes. Actual toll is much higher. Full update  https://t.co/qOWK0enj2H  https://t.co/LbY7zVDHs3",en,['ukraine'],[],1112803927265853441,1112803927265853441,UNHumanRightsUA,UNHumanRightsUkraine,7,16,https://twitter.com/UNHumanRightsUA/status/1505564759084748804,['https://ukraine.un.org/en/175327-ukraine-civilian-casualties-19-march-2022'],['https://pbs.twimg.com/media/FOTXF8VXEAANomX.jpg'],1,https://pbs.twimg.com/media/FOTXF8VXEAANomX.jpg,False,87,21,85,,None,,,,,,,[],,,,
1505932607154012162,1505932607154012162,1647877287000.0,2022-03-21 16:41:27,+0200,,"From 24 Feb‚Äî20 March, we recorded 2,421 civilian casualties in context of Russia‚Äôs armed attack against #Ukraine: 925 killed, incl 75 children; 1,496 injured, incl 99 children, mostly caused by shelling &amp; airstrikes. Actual toll is much higher. Full update  https://t.co/URFbgteCm2  https://t.co/ggtKC2zt30",en,['ukraine'],[],1112803927265853441,1112803927265853441,UNHumanRightsUA,UNHumanRightsUkraine,1,16,https://twitter.com/UNHumanRightsUA/status/1505932607154012162,['https://ukraine.un.org/en/175387-ukraine-civilian-casualties-20-march-2022'],['https://pbs.twimg.com/media/FOYlkHOXoAY_e-0.png'],1,https://pbs.twimg.com/media/FOYlkHOXoAY_e-0.png,False,1063,236,844,,None,,,,,,,[],,,,
1506305023466258440,1506305023466258440,1647966078000.0,2022-03-22 17:21:18,+0200,,"From 24 Feb‚Äî21 March, we recorded 2,510 civilian casualties in context of Russia‚Äôs armed attack against #Ukraine: 953 killed, incl 78 children; 1,557 injured, incl 105 children, mostly caused by shelling &amp;airstrikes. Actual toll is much higher. Full update  https://t.co/c3NMbijjrl  https://t.co/dYaKMnJ0nn",en,['ukraine'],[],1112803927265853441,1112803927265853441,UNHumanRightsUA,UNHumanRightsUkraine,2,17,https://twitter.com/UNHumanRightsUA/status/1506305023466258440,['https://ukraine.un.org/en/175502-ukraine-civilian-casualties-21-march-2022'],['https://pbs.twimg.com/media/FOd4XCpXMAAICpQ.png'],1,https://pbs.twimg.com/media/FOd4XCpXMAAICpQ.png,False,58,21,51,,None,,,,,,,[],,,,
1506682765139496965,1506682765139496965,1648056138000.0,2022-03-23 18:22:18,+0200,,"From 24 Feb‚Äî22 March, we recorded 2,571 civilian casualties in context of Russia‚Äôs armed attack against #Ukraine: 977 killed, incl 81 children; 1,594 injured, incl 108 children, mostly caused by shelling &amp;airstrikes. Actual toll is much higher. Full update  https://t.co/XtK7Da43gb  https://t.co/wkVeeVdaKD",en,['ukraine'],[],1112803927265853441,1112803927265853441,UNHumanRightsUA,UNHumanRightsUkraine,3,18,https://twitter.com/UNHumanRightsUA/status/1506682765139496965,['https://ukraine.un.org/en/175628-ukraine-civilian-casualties-22-march-2022'],['https://pbs.twimg.com/media/FOjP2O4XMAI8QS7.png'],1,https://pbs.twimg.com/media/FOjP2O4XMAI8QS7.png,False,73,19,49,,None,,,,,,,[],,,,
1507040383125135363,1507040383125135363,1648141401000.0,2022-03-24 18:03:21,+0200,,"From 24 Feb‚Äî23 March, we recorded 2,685 civilian casualties in context of Russia‚Äôs armed attack against #Ukraine: 1,035 killed, incl 90 children; 1,650 injured, incl 118 children, mostly caused by shelling &amp; airstrikes. Actual toll is much higher. Update  https://t.co/caWUvXe0uL  https://t.co/HrwhruLYb9",en,['ukraine'],[],1112803927265853441,1112803927265853441,UNHumanRightsUA,UNHumanRightsUkraine,4,18,https://twitter.com/UNHumanRightsUA/status/1507040383125135363,['https://ukraine.un.org/en/175776-ukraine-civilian-casualties-23-march-2022'],['https://pbs.twimg.com/media/FOoVJuAXEAczFT4.png'],1,https://pbs.twimg.com/media/FOoVJuAXEAczFT4.png,False,69,18,51,,None,,,,,,,[],,,,
1507391046749143041,1507391046749143041,1648225006000.0,2022-03-25 17:16:46,+0200,,"From 24 Feb‚Äî24 March, we recorded 2,788 civilian casualties in context of Russia‚Äôs armed attack against #Ukraine: 1,081 killed, incl 93 children; 1,707 injured, incl 120 children, mostly caused by shelling &amp; airstrikes. Actual toll is much higher. Update  https://t.co/fgueJRLL28  https://t.co/JddLAXbOTT",en,['ukraine'],[],1112803927265853441,1112803927265853441,UNHumanRightsUA,UNHumanRightsUkraine,5,17,https://twitter.com/UNHumanRightsUA/status/1507391046749143041,['https://ukraine.un.org/en/175863-ukraine-civilian-casualties-24-march-2022'],['https://pbs.twimg.com/media/FOtUFAMXEAgCqLy.png'],1,https://pbs.twimg.com/media/FOtUFAMXEAgCqLy.png,False,61,20,45,,None,,,,,,,[],,,,
1507770572184371204,1507770572184371204,1648315492000.0,2022-03-26 18:24:52,+0200,,"From 24 Feb‚Äî25 March, we recorded 2,858 civilian casualties in context of Russia‚Äôs armed attack against #Ukraine: 1,104 killed, incl 96 children; 1,754 injured, incl 124 children, mostly caused by shelling &amp; airstrikes. Actual toll is much higher. Update  https://t.co/ma8hIHA0t2  https://t.co/UIRSPQXq6H",en,['ukraine'],[],1112803927265853441,1112803927265853441,UNHumanRightsUA,UNHumanRightsUkraine,6,18,https://twitter.com/UNHumanRightsUA/status/1507770572184371204,['https://ukraine.un.org/en/175908-ukraine-civilian-casualties-25-march-2022'],['https://pbs.twimg.com/media/FOytHKMX0B4JtMK.png'],1,https://pbs.twimg.com/media/FOytHKMX0B4JtMK.png,False,61,37,40,,None,,,,,,,[],,,,
1508067535685627909,1508067535685627909,1648386293000.0,2022-03-27 15:04:53,+0200,,"‚û°Ô∏èTomorrow, 28 March, 10:00  We will release a briefing note on #humanrights situation in #Ukraine following Russia‚Äôs military attack on 24 Feb 2022.  üëâWatch it online  https://t.co/bXm8nhtfr1 with possibility of raising questions in chat box.  https://t.co/XmwHr2P3pH",en,"['humanrights', 'ukraine']",[],1112803927265853441,1112803927265853441,UNHumanRightsUA,UNHumanRightsUkraine,7,15,https://twitter.com/UNHumanRightsUA/status/1508067535685627909,['https://www.youtube.com/watch?v=uNDg0HhEHLs'],['https://pbs.twimg.com/media/FO27Q_lXMAAQdqo.jpg'],1,https://pbs.twimg.com/media/FO27Q_lXMAAQdqo.jpg,False,15,2,11,,None,,,,,,,[],,,,
1508148528056614915,1508148528056614915,1648405603000.0,2022-03-27 20:26:43,+0200,,"From 24 Feb‚Äî26 March, we recorded 2,909 civilian casualties in context of Russia‚Äôs armed attack against #Ukraine:  1,119 killed, incl 99 children; 1,790 injured, incl 126 children, mostly caused by shelling &amp; airstrikes. Actual toll is much higher. Update  https://t.co/LlMm7iUqsr  https://t.co/OcyhxSUrj3",en,['ukraine'],[],1112803927265853441,1112803927265853441,UNHumanRightsUA,UNHumanRightsUkraine,7,20,https://twitter.com/UNHumanRightsUA/status/1508148528056614915,['https://ukraine.un.org/en/175923-ukraine-civilian-casualties-26-march-2022'],['https://pbs.twimg.com/media/FO4E6tJXMAQkLGm.png'],1,https://pbs.twimg.com/media/FO4E6tJXMAQkLGm.png,False,64,15,58,,None,,,,,,,[],,,,
1508479227498225678,1508479227498225678,1648484448000.0,2022-03-28 18:20:48,+0200,,"From 24 Feb‚Äî27 March, we recorded 2,975 civilian casualties in context of Russia‚Äôs armed attack against #Ukraine:  1,151 killed, incl 103 children; 1,824 injured, incl 133 children, mostly caused by shelling &amp; airstrikes. Actual toll is much higher. Update  https://t.co/vy2AXbIbL5  https://t.co/TGSfcKH70O",en,['ukraine'],[],1112803927265853441,1112803927265853441,UNHumanRightsUA,UNHumanRightsUkraine,1,18,https://twitter.com/UNHumanRightsUA/status/1508479227498225678,['https://ukraine.un.org/en/175997-ukraine-civilian-casualties-27-march-2022'],['https://pbs.twimg.com/media/FO8xdsUXEAcpgQR.png'],1,https://pbs.twimg.com/media/FO8xdsUXEAcpgQR.png,False,54,22,55,,None,,,,,,,[],,,,
1508817958684049430,1508817958684049430,1648565208000.0,2022-03-29 16:46:48,+0200,,"From 24 Feb‚Äî28 March, we recorded 3,039 civilian casualties in context of Russia‚Äôs armed attack against #Ukraine:  1,179 killed, incl 104 children; 1,860 injured, incl 134 children, mostly caused by shelling &amp; airstrikes. Actual toll is much higher. Update  https://t.co/yQtYq9BhIK  https://t.co/hMgfMGrmjn",en,['ukraine'],[],1112803927265853441,1112803927265853441,UNHumanRightsUA,UNHumanRightsUkraine,2,16,https://twitter.com/UNHumanRightsUA/status/1508817958684049430,['https://ukraine.un.org/en/176175-ukraine-civilian-casualties-28-march-2022'],['https://pbs.twimg.com/media/FPBlw4RWQAkovhH.png'],1,https://pbs.twimg.com/media/FPBlw4RWQAkovhH.png,False,53,43,48,,None,,,,,,,[],,,,
1509185310646800387,1509185310646800387,1648652792000.0,2022-03-30 17:06:32,+0200,,"From 24 Feb‚Äî29 March, we recorded 3,090 civilian casualties in context of Russia‚Äôs armed attack against #Ukraine:  1,189 killed, incl 108 children; 1,901 injured, incl 142 children, mostly caused by shelling &amp; airstrikes. Actual toll is much higher. Update  https://t.co/v7O6zlBB4g  https://t.co/1HdyiW0kLb",en,['ukraine'],[],1112803927265853441,1112803927265853441,UNHumanRightsUA,UNHumanRightsUkraine,3,17,https://twitter.com/UNHumanRightsUA/status/1509185310646800387,['https://ukraine.un.org/en/176282-ukraine-civilian-casualties-29-march-2022'],['https://pbs.twimg.com/media/FPGzIWEXwA86Suc.png'],1,https://pbs.twimg.com/media/FPGzIWEXwA86Suc.png,False,68,18,66,,None,,,,,,,[],,,,
1509610240274472960,1509610240274472960,1648754103000.0,2022-03-31 21:15:03,+0200,,"From 24 Feb‚Äî30 March, we recorded 3,167 civilian casualties in context of Russia‚Äôs armed attack against #Ukraine:  1,232 killed, incl 112 children; 1,935 injured, incl 149 children, mostly caused by shelling &amp; airstrikes. Actual toll is much higher. Update  https://t.co/ntiGnznXGg  https://t.co/UQYU6TrSy0",en,['ukraine'],[],1112803927265853441,1112803927265853441,UNHumanRightsUA,UNHumanRightsUkraine,4,21,https://twitter.com/UNHumanRightsUA/status/1509610240274472960,['https://ukraine.un.org/en/176432-ukraine-civilian-casualties-30-march-2022'],['https://pbs.twimg.com/media/FPM1p4SXsAU6ErS.png'],1,https://pbs.twimg.com/media/FPM1p4SXsAU6ErS.png,False,15,3,23,,None,,,,,,,[],,,,
1509934390528380935,1509934390528380935,1648831386000.0,2022-04-01 18:43:06,+0200,,"From 24 Feb‚Äî31 March, we recorded 3,257 civilian casualties in context of Russia‚Äôs armed attack against #Ukraine: 1,276 killed, incl 115 children; 1,981 injured, incl 160 children, mostly caused by shelling &amp; airstrikes. Actual toll is much higher. Update  https://t.co/oN0OPIqGcK  https://t.co/8AqIx118zr",en,['ukraine'],[],1112803927265853441,1112803927265853441,UNHumanRightsUA,UNHumanRightsUkraine,5,18,https://twitter.com/UNHumanRightsUA/status/1509934390528380935,['https://ukraine.un.org/en/176556-ukraine-civilian-casualties-31-march-2022'],['https://pbs.twimg.com/media/FPRdRKyXMAc0wb-.jpg'],1,https://pbs.twimg.com/media/FPRdRKyXMAc0wb-.jpg,False,47,44,42,,None,,,,,,,[],,,,
1510268512836767749,1510268512836767749,1648911047000.0,2022-04-02 16:50:47,+0200,,"From 24 Feb‚Äî1 April, we recorded 3,342 civilian casualties in context of Russia‚Äôs armed attack against #Ukraine: 1,325 killed, incl 120 children; 2,017 injured, incl 168 children, mostly caused by shelling &amp; airstrikes. Actual toll is much higher. Update  https://t.co/sNdyEmc0BC  https://t.co/O4CBI3dfZ6",en,['ukraine'],[],1112803927265853441,1112803927265853441,UNHumanRightsUA,UNHumanRightsUkraine,6,16,https://twitter.com/UNHumanRightsUA/status/1510268512836767749,['https://ukraine.un.org/en/176598-ukraine-civilian-casualties-1-april-2022'],['https://pbs.twimg.com/media/FPWNI9bXwAUhNNP.jpg'],1,https://pbs.twimg.com/media/FPWNI9bXwAUhNNP.jpg,False,98,85,81,,None,,,,,,,[],,,,
1510701799614910466,1510701799614910466,1649014351000.0,2022-04-03 21:32:31,+0200,,"From 24 Feb‚Äî2 April, we recorded 3,455 civilian casualties in context of Russia‚Äôs armed attack against #Ukraine: 1,417 killed, incl 121 children; 2,038 injured, incl 171 children, mostly caused by shelling &amp; airstrikes. Actual toll is much higher. Update  https://t.co/hA17imOEQW  https://t.co/5F56ZGK9Jo",en,['ukraine'],[],1112803927265853441,1112803927265853441,UNHumanRightsUA,UNHumanRightsUkraine,7,21,https://twitter.com/UNHumanRightsUA/status/1510701799614910466,['https://ukraine.un.org/en/176643-ukraine-civilian-casualties-2-april-2022'],['https://pbs.twimg.com/media/FPcXGeLXsAkR01n.png'],1,https://pbs.twimg.com/media/FPcXGeLXsAkR01n.png,False,174,60,144,,None,,,,,,,[],,,,
1511067060134158340,1511067060134158340,1649101436000.0,2022-04-04 21:43:56,+0200,,"From 24 Feb‚Äî3 April, we recorded 3,527 civilian casualties in context of Russia‚Äôs armed attack against #Ukraine: 1,430 killed, incl 121 children; 2,097 injured, incl 178 children, mostly caused by shelling &amp; airstrikes. Actual toll is much higher. Update  https://t.co/8pdu4jMiz3  https://t.co/Upgrs9FcDL",en,['ukraine'],[],1112803927265853441,1112803927265853441,UNHumanRightsUA,UNHumanRightsUkraine,1,21,https://twitter.com/UNHumanRightsUA/status/1511067060134158340,['https://ukraine.un.org/en/176718-ukraine-civilian-casualties-3-april-2022'],['https://pbs.twimg.com/media/FPg3wBCXsAI--ft.jpg'],1,https://pbs.twimg.com/media/FPg3wBCXsAI--ft.jpg,False,81,44,66,,None,,,,,,,[],,,,
1511339895620517906,1511339895620517906,1649166485000.0,2022-04-05 15:48:05,+0200,,"From 24 Feb‚Äî4 April, we recorded 3,675 civilian casualties in context of Russia‚Äôs armed attack against #Ukraine: 1,480 killed, incl 123 children; 2,195 injured, incl 183 children, mostly caused by shelling &amp; airstrikes. Actual toll is much higher. Update  https://t.co/ezue4coEeF  https://t.co/7dZvJAsbfY",en,['ukraine'],[],1112803927265853441,1112803927265853441,UNHumanRightsUA,UNHumanRightsUkraine,2,15,https://twitter.com/UNHumanRightsUA/status/1511339895620517906,['https://ukraine.un.org/en/176844-ukraine-civilian-casualties-4-april-2022'],['https://pbs.twimg.com/media/FPlbgVMXMAgmGvi.jpg'],1,https://pbs.twimg.com/media/FPlbgVMXMAgmGvi.jpg,False,99,54,91,,None,,,,,,,[],,,,
1511705705551642627,1511705705551642627,1649253700000.0,2022-04-06 16:01:40,+0200,,"From 24 Feb‚Äî5 April, we recorded 3,776 civilian casualties in context of Russia‚Äôs armed attack against #Ukraine: 1,563 killed, incl 130 children; 2,213 injured, incl 188 children, mostly caused by shelling &amp; airstrikes. Actual toll is much higher. Update  https://t.co/vwkx5vqofP  https://t.co/OMRgAIM9r1",en,['ukraine'],[],1112803927265853441,1112803927265853441,UNHumanRightsUA,UNHumanRightsUkraine,3,16,https://twitter.com/UNHumanRightsUA/status/1511705705551642627,['https://ukraine.un.org/index.php/en/176952-ukraine-civilian-casualties-5-april-2022'],['https://pbs.twimg.com/media/FPqoJ9yXsAAXY5K.jpg'],1,https://pbs.twimg.com/media/FPqoJ9yXsAAXY5K.jpg,False,47,29,46,,None,,,,,,,[],,,,
1512092944299401218,1512092944299401218,1649346025000.0,2022-04-07 17:40:25,+0200,,"From 24 Feb‚Äî6 April, we recorded 3,838 civilian casualties in context of Russia‚Äôs armed attack against #Ukraine: 1,611 killed, incl 131 children; 2,227 injured, incl 191 children, mostly caused by shelling &amp; airstrikes. Actual toll is much higher. Update  https://t.co/uC5RRtZGZm  https://t.co/5RtMVniqJ6",en,['ukraine'],[],1112803927265853441,1112803927265853441,UNHumanRightsUA,UNHumanRightsUkraine,4,17,https://twitter.com/UNHumanRightsUA/status/1512092944299401218,['https://ukraine.un.org/en/177014-ukraine-civilian-casualties-6-april-2022'],['https://pbs.twimg.com/media/FPwIcaoXIAQr0z1.png'],1,https://pbs.twimg.com/media/FPwIcaoXIAQr0z1.png,False,75,39,52,,None,,,,,,,[],,,,
1512450463735717891,1512450463735717891,1649431265000.0,2022-04-08 17:21:05,+0200,,"From 24 Feb‚Äî7 April, we recorded 3,893 civilian casualties in context of Russia‚Äôs armed attack against #Ukraine: 1,626 killed, incl 132 children; 2,267 injured, incl 197 children, mostly caused by shelling &amp; airstrikes. Actual toll is much higher. Update  https://t.co/i81uB19lMg  https://t.co/0KY1vcfzFE",en,['ukraine'],[],1112803927265853441,1112803927265853441,UNHumanRightsUA,UNHumanRightsUkraine,5,17,https://twitter.com/UNHumanRightsUA/status/1512450463735717891,['https://ukraine.un.org/en/177142-ukraine-civilian-casualties-7-april-2022'],['https://pbs.twimg.com/media/FP1Nn2SWUAA6SDX.jpg'],1,https://pbs.twimg.com/media/FP1Nn2SWUAA6SDX.jpg,False,52,29,47,,None,,,,,,,[],,,,
1512794672669892612,1512794672669892612,1649513330000.0,2022-04-09 16:08:50,+0200,,"From 24 Feb‚Äî8 April, we recorded 4,149 civilian casualties in context of Russia‚Äôs armed attack against #Ukraine: 1,766 killed, incl 139 children; 2,383 injured, incl 215 children, mostly caused by shelling &amp; airstrikes. Actual toll is much higher. Update  https://t.co/UUICVnvMoU  https://t.co/8pbGhDUk4Y",en,['ukraine'],[],1112803927265853441,1112803927265853441,UNHumanRightsUA,UNHumanRightsUkraine,6,16,https://twitter.com/UNHumanRightsUA/status/1512794672669892612,['https://ukraine.un.org/en/177251-ukraine-civilian-casualties-8-april-2022'],['https://pbs.twimg.com/media/FP6Gn_qXoAAIsif.jpg'],1,https://pbs.twimg.com/media/FP6Gn_qXoAAIsif.jpg,False,70,36,49,,None,,,,,,,[],,,,
1513189880284815360,1513189880284815360,1649607555000.0,2022-04-10 18:19:15,+0200,,"From 24 Feb‚Äî9 April, we recorded 4,232 civilian casualties in context of Russia‚Äôs armed attack against #Ukraine: 1,793 killed, incl 142 children; 2,439 injured, incl 229 children, mostly caused by shelling &amp; airstrikes. Actual toll is much higher. Update  https://t.co/NWq032Vos7  https://t.co/vpqTAZBUi7",en,['ukraine'],[],1112803927265853441,1112803927265853441,UNHumanRightsUA,UNHumanRightsUkraine,7,18,https://twitter.com/UNHumanRightsUA/status/1513189880284815360,['https://ukraine.un.org/en/177284-ukraine-civilian-casualties-9-april-2022'],['https://pbs.twimg.com/media/FP_uGp5XEAcYWpU.jpg'],1,https://pbs.twimg.com/media/FP_uGp5XEAcYWpU.jpg,False,68,31,54,,None,,,,,,,[],,,,
1513538354247352330,1513538354247352330,1649690638000.0,2022-04-11 17:23:58,+0200,,"From 24 Feb‚Äî10 April, we recorded 4,335 civilian casualties in context of Russia‚Äôs armed attack against #Ukraine: 1,842 killed, incl 148 children; 2,493 injured, incl 233 children, mostly caused by shelling &amp; airstrikes. Actual toll is much higher. Update  https://t.co/NcKv2n9EWe  https://t.co/tz6rwofY8B",en,['ukraine'],[],1112803927265853441,1112803927265853441,UNHumanRightsUA,UNHumanRightsUkraine,1,17,https://twitter.com/UNHumanRightsUA/status/1513538354247352330,['https://ukraine.un.org/en/177320-ukraine-civilian-casualties-10-april-2022'],['https://pbs.twimg.com/media/FQErCBNXEA4PaE6.jpg'],1,https://pbs.twimg.com/media/FQErCBNXEA4PaE6.jpg,False,53,35,58,,None,,,,,,,[],,,,
1513896030890299402,1513896030890299402,1649775915000.0,2022-04-12 17:05:15,+0200,,"From 24 Feb‚Äî11 April, we recorded 4,450 civilian casualties in context of Russia‚Äôs armed attack against #Ukraine: 1,892 killed, incl 153 children; 2,558 injured, incl 246 children, mostly caused by shelling &amp; airstrikes. Actual toll is much higher. Update  https://t.co/Dqfj4uw790  https://t.co/SGPBsSlYVt",en,['ukraine'],[],1112803927265853441,1112803927265853441,UNHumanRightsUA,UNHumanRightsUkraine,2,17,https://twitter.com/UNHumanRightsUA/status/1513896030890299402,['https://ukraine.un.org/en/177432-ukraine-civilian-casualties-11-april-2022'],['https://pbs.twimg.com/media/FQJwWaTX0AsIrug.jpg'],1,https://pbs.twimg.com/media/FQJwWaTX0AsIrug.jpg,False,62,53,59,,None,,,,,,,[],,,,
1514262305491623937,1514262305491623937,1649863241000.0,2022-04-13 17:20:41,+0200,,"From 24 Feb‚Äî12 April, we recorded 4,521 civilian casualties in context of Russia‚Äôs armed attack against #Ukraine: 1,932 killed, incl 157 children; 2,589 injured, incl 250 children, mostly caused by shelling &amp; airstrikes. Actual toll is much higher. Update  https://t.co/wfZlrt6gac  https://t.co/yprQ00IkGD",en,['ukraine'],[],1112803927265853441,1112803927265853441,UNHumanRightsUA,UNHumanRightsUkraine,3,17,https://twitter.com/UNHumanRightsUA/status/1514262305491623937,['https://ukraine.un.org/en/177572-ukraine-civilian-casualties-12-april-2022'],['https://pbs.twimg.com/media/FQO9d2nWQAAFyKC.jpg'],1,https://pbs.twimg.com/media/FQO9d2nWQAAFyKC.jpg,False,51,21,41,,None,,,,,,,[],,,,
1514633231689293829,1514633231689293829,1649951677000.0,2022-04-14 17:54:37,+0200,,"From 24 Feb‚Äî13 April, we recorded 4,577 civilian casualties in context of Russia‚Äôs armed attack against #Ukraine: 1,964 killed, incl 161 children; 2,613 injured, incl 252 children, mostly caused by shelling &amp; airstrikes. Actual toll is much higher. Update  https://t.co/LKxKXh5B7M  https://t.co/Pv9RjamfsY",en,['ukraine'],[],1112803927265853441,1112803927265853441,UNHumanRightsUA,UNHumanRightsUkraine,4,17,https://twitter.com/UNHumanRightsUA/status/1514633231689293829,['https://ukraine.un.org/en/177731-ukraine-civilian-casualties-13-april-2022'],['https://pbs.twimg.com/media/FQUO1I0XsAgMEV7.jpg'],1,https://pbs.twimg.com/media/FQUO1I0XsAgMEV7.jpg,False,49,36,40,,None,,,,,,,[],,,,
1514986935319728133,1514986935319728133,1650036007000.0,2022-04-15 17:20:07,+0200,,"From 24 Feb‚Äî14 April, we recorded 4,633 civilian casualties in context of Russia‚Äôs armed attack against #Ukraine: 1,982 killed, incl 162 children; 2,651 injured, incl 256 children, mostly caused by shelling &amp; airstrikes. Actual toll is much higher. Update  https://t.co/n7A2wjzagu  https://t.co/r8lRN77gQb",en,['ukraine'],[],1112803927265853441,1112803927265853441,UNHumanRightsUA,UNHumanRightsUkraine,5,17,https://twitter.com/UNHumanRightsUA/status/1514986935319728133,['https://ukraine.un.org/en/177820-ukraine-civilian-casualties-14-april-2022'],['https://pbs.twimg.com/media/FQY_57BXsAA80Be.jpg'],1,https://pbs.twimg.com/media/FQY_57BXsAA80Be.jpg,False,90,38,59,,None,,,,,,,[],,,,
1516066124743458820,1516066124743458820,1650293305000.0,2022-04-18 16:48:25,+0200,,"From 24 Feb‚Äî17 April, we recorded 4,890 civilian casualties in context of Russia‚Äôs armed attack against #Ukraine: 2,072 killed, incl 169 children; 2,818 injured, incl 272 children, mostly caused by shelling &amp; airstrikes. Actual toll is much higher. Update  https://t.co/3oZzo610zT  https://t.co/dAH9CnxN2c",en,['ukraine'],[],1112803927265853441,1112803927265853441,UNHumanRightsUA,UNHumanRightsUkraine,1,16,https://twitter.com/UNHumanRightsUA/status/1516066124743458820,['https://ukraine.un.org/en/177876-ukraine-civilian-casualties-17-april-2022'],['https://pbs.twimg.com/media/FQomCyxXEA8EK4H.jpg'],1,https://pbs.twimg.com/media/FQomCyxXEA8EK4H.jpg,False,55,27,44,,None,,,,,,,[],,,,
1516434171740233734,1516434171740233734,1650381055000.0,2022-04-19 17:10:55,+0200,,"From 24 Feb‚Äî18 April, we recorded 4,966 civilian casualties in context of Russia‚Äôs armed attack against #Ukraine: 2,104 killed, incl 170 children; 2,862 injured, incl 277 children, mostly caused by shelling &amp; airstrikes. Actual toll is much higher. Update  https://t.co/tbe96KsZ0i  https://t.co/b6VQ7JH7zq",en,['ukraine'],[],1112803927265853441,1112803927265853441,UNHumanRightsUA,UNHumanRightsUkraine,2,17,https://twitter.com/UNHumanRightsUA/status/1516434171740233734,['https://ukraine.un.org/en/177961-ukraine-civilian-casualties-18-april-2022'],['https://pbs.twimg.com/media/FQt0xkWXIAM-OUE.jpg'],1,https://pbs.twimg.com/media/FQt0xkWXIAM-OUE.jpg,False,47,24,44,,None,,,,,,,[],,,,
1516785545254518790,1516785545254518790,1650464829000.0,2022-04-20 16:27:09,+0200,,"As #Russia attacked #Ukraine, reports of enforced disappearances became widespread. #UN @WGEID assists families in determining fate &amp;whereabouts of their family members. Information can be submitted  as individual cases or as general allegations. More here  https://t.co/YOI5vWY0eJ  https://t.co/1wFPw0EELJ",en,"['russia', 'ukraine', 'un']",[],1112803927265853441,1112803927265853441,UNHumanRightsUA,UNHumanRightsUkraine,3,16,https://twitter.com/UNHumanRightsUA/status/1516785545254518790,['https://www.facebook.com/UNHumanRightsUkraine/posts/2151630991669599'],['https://pbs.twimg.com/media/FQyyc73XMAEpYLZ.png'],1,https://pbs.twimg.com/media/FQyyc73XMAEpYLZ.png,False,16,1,13,,None,,,,,,,[],,,,
1516821382130196495,1516821382130196495,1650473373000.0,2022-04-20 18:49:33,+0200,,"From 24 Feb‚Äî19 April, we recorded 5,121 civilian casualties in context of Russia‚Äôs armed attack against #Ukraine: 2,224 killed, incl 173 children; 2,897 injured, incl 280 children, mostly caused by shelling &amp; airstrikes. Actual toll is much higher. Update  https://t.co/YeYLpe9YDE  https://t.co/MXU8c8Aqp8",en,['ukraine'],[],1112803927265853441,1112803927265853441,UNHumanRightsUA,UNHumanRightsUkraine,3,18,https://twitter.com/UNHumanRightsUA/status/1516821382130196495,['https://ukraine.un.org/en/178351-ukraine-civilian-casualties-19-april-2022'],['https://pbs.twimg.com/media/FQzU8IbXMAMLbHN.jpg'],1,https://pbs.twimg.com/media/FQzU8IbXMAMLbHN.jpg,False,45,21,36,,None,,,,,,,[],,,,
1517168170574000135,1517168170574000135,1650556054000.0,2022-04-21 17:47:34,+0200,,"From 24 Feb‚Äî20 April, we recorded 5,264 civilian casualties in context of Russia‚Äôs armed attack against #Ukraine: 2,345 killed, incl 177 children; 2,919 injured, incl 285 children, mostly caused by shelling &amp; airstrikes. Actual toll is much higher. Update  https://t.co/1NdZkmO981  https://t.co/inFFtZhZ6l",en,['ukraine'],[],1112803927265853441,1112803927265853441,UNHumanRightsUA,UNHumanRightsUkraine,4,17,https://twitter.com/UNHumanRightsUA/status/1517168170574000135,['https://ukraine.un.org/en/178849-ukraine-civilian-casualties-20-april-2022'],['https://pbs.twimg.com/media/FQ4QHfXXIAcKDQq.jpg'],1,https://pbs.twimg.com/media/FQ4QHfXXIAcKDQq.jpg,False,42,45,29,,None,,,,,,,[],,,,
1517522721642790912,1517522721642790912,1650640585000.0,2022-04-22 17:16:25,+0200,,"From 24 Feb‚Äî21 April, we recorded 5,381 civilian casualties in context of Russia‚Äôs armed attack against #Ukraine: 2,435 killed, incl 184 children; 2,946 injured, incl 286 children, mostly caused by shelling &amp; airstrikes. Actual toll is much higher. Update  https://t.co/sByIM7Jall  https://t.co/4wXEHEt8XH",en,['ukraine'],[],1112803927265853441,1112803927265853441,UNHumanRightsUA,UNHumanRightsUkraine,5,17,https://twitter.com/UNHumanRightsUA/status/1517522721642790912,['https://ukraine.un.org/en/178932-ukraine-civilian-casualties-21-april-2022'],['https://pbs.twimg.com/media/FQ9Sy1BXsAMK-eZ.jpg'],1,https://pbs.twimg.com/media/FQ9Sy1BXsAMK-eZ.jpg,False,70,29,60,,None,,,,,,,[],,,,
1518613623677112321,1518613623677112321,1650900677000.0,2022-04-25 17:31:17,+0200,,"From 24 Feb‚Äî24 April, we recorded 5,718 civilian casualties in context of Russia‚Äôs armed attack against #Ukraine: 2,665 killed, incl 195 children; 3,050 injured, incl 296 children, mostly caused by shelling &amp; airstrikes. Actual toll is much higher. More -&gt;  https://t.co/wHNbXdfvY7  https://t.co/fFQM8Aoj56",en,['ukraine'],[],1112803927265853441,1112803927265853441,UNHumanRightsUA,UNHumanRightsUkraine,1,17,https://twitter.com/UNHumanRightsUA/status/1518613623677112321,['https://ukraine.un.org/en/179083-ukraine-civilian-casualties-24-april-2022'],['https://pbs.twimg.com/media/FRMy6tzXoAIzWgr.png'],1,https://pbs.twimg.com/media/FRMy6tzXoAIzWgr.png,False,49,51,37,,None,,,,,,,[],,,,
1518966896363806720,1518966896363806720,1650984903000.0,2022-04-26 16:55:03,+0200,,"Latest update on civilian casualties in context of Russia‚Äôs armed attack against #Ukraine: 2,729 killed, incl 201 children; 3,111 injured, incl 299 children, mostly caused by shelling &amp; airstrikes. Actual toll is much higher. More -&gt;  https://t.co/i3ezJFU0wZ  https://t.co/PexCBuut3x",en,['ukraine'],[],1112803927265853441,1112803927265853441,UNHumanRightsUA,UNHumanRightsUkraine,2,16,https://twitter.com/UNHumanRightsUA/status/1518966896363806720,['https://ukraine.un.org/en/179215-ukraine-civilian-casualties-25-april-2022'],['https://pbs.twimg.com/media/FRRzzFyX0AAUbJN.jpg'],1,https://pbs.twimg.com/media/FRRzzFyX0AAUbJN.jpg,False,42,20,40,,None,,,,,,,[],,,,
1519233436443152385,1519233436443152385,1651048451000.0,2022-04-27 10:34:11,+0200,,What is behind the Mission‚Äôs monitoring work? Learn how our human rights officers verify information on civilian casualties resulting from the armed attack of the #RussianFederation on #Ukraine and other #HumanRights issues across the country -&gt;  https://t.co/JYLnEvkMkG,en,"['russianfederation', 'ukraine', 'humanrights']",[],1112803927265853441,1112803927265853441,UNHumanRightsUA,UNHumanRightsUkraine,3,10,https://twitter.com/UNHumanRightsUA/status/1519233436443152385,['https://www.ohchr.org/en/stories/2022/04/ukraine-behind-numbers'],[],0,,False,3,1,2,,None,,,,,,,[],,,,
1519562305159278592,1519562305159278592,1651126860000.0,2022-04-28 08:21:00,+0200,,"From 24 Feb‚Äî26 April, we recorded 5,939 civilian casualties in context of Russia‚Äôs armed attack against #Ukraine: 2,787 killed, incl 202 children; 3,152 injured, incl 302 children, mostly caused by shelling &amp; airstrikes. Actual toll is much higher. More -&gt;  https://t.co/rvcoq7ocNS  https://t.co/txupuiWSFV",en,['ukraine'],[],1112803927265853441,1112803927265853441,UNHumanRightsUA,UNHumanRightsUkraine,4,08,https://twitter.com/UNHumanRightsUA/status/1519562305159278592,['https://ukraine.un.org/en/179284-ukraine-civilian-casualties-26-april-2022'],['https://pbs.twimg.com/media/FRaRlOVWUAIwwI8.jpg'],1,https://pbs.twimg.com/media/FRaRlOVWUAIwwI8.jpg,False,35,12,31,,None,,,,,,,[],,,,
1519687054946451456,1519687054946451456,1651156602000.0,2022-04-28 16:36:42,+0200,,"Latest update on civilian casualties in context of Russia‚Äôs armed attack against #Ukraine: 2,829 killed, incl 205 children; 3,180 injured, incl 303 children, mostly caused by shelling &amp; airstrikes. Actual toll is much higher. More -&gt;  https://t.co/HZigDnpUAE  https://t.co/gDJj7X6zBU",en,['ukraine'],[],1112803927265853441,1112803927265853441,UNHumanRightsUA,UNHumanRightsUkraine,4,16,https://twitter.com/UNHumanRightsUA/status/1519687054946451456,['https://ukraine.un.org/index.php/en/179405-ukraine-civilian-casualties-27-april-2022'],['https://pbs.twimg.com/media/FRcDTxVXIAEP0uk.jpg'],1,https://pbs.twimg.com/media/FRcDTxVXIAEP0uk.jpg,False,56,37,49,,None,,,,,,,[],,,,
1520074946969489408,1520074946969489408,1651249083000.0,2022-04-29 18:18:03,+0200,,"Latest update on civilian casualties in context of Russia‚Äôs armed attack against #Ukraine: 2,899 killed, incl 210 children; 3,235 injured, incl 309 children, mostly caused by shelling &amp; airstrikes. Actual toll is much higher. More -&gt;  https://t.co/op4nIMXhLR  https://t.co/L50fiuKMNH",en,['ukraine'],[],1112803927265853441,1112803927265853441,UNHumanRightsUA,UNHumanRightsUkraine,5,18,https://twitter.com/UNHumanRightsUA/status/1520074946969489408,['https://ukraine.un.org/en/180011-ukraine-civilian-casualties-28-april-2022'],['https://pbs.twimg.com/media/FRhj4ZqXEAEvRD1.jpg'],1,https://pbs.twimg.com/media/FRhj4ZqXEAEvRD1.jpg,False,39,20,27,,None,,,,,,,[],,,,
